{"val_loss": [1.6385147884368896, 0.9669251108169555, 0.8563783525466919, 0.7699496942520142, 0.833272057723999, 0.7513383237838746, 0.6597762380599975, 0.6492729682922364, 0.6336811305999756, 0.606379833316803, 0.5962806429862976, 0.5948366930007934, 0.5789473972320557, 0.5773277917861939, 0.563481254196167, 0.5731959234237671, 0.595838770866394, 0.582791765499115, 0.5785067659378051, 0.5995066002845764, 0.5836947175979614, 0.5784910255432129, 0.579601519203186, 0.5547933815956115, 0.5961666042327881, 0.5971480382919312, 0.5739635127067566, 0.6237200390815735, 0.5922273633003234, 0.6253109256744385, 0.584304890537262, 0.589791382598877, 0.5943156753063202, 0.5848961599826813, 0.5984924147605896, 0.6086088437080384, 0.5867829337120056, 0.6153685009002685, 0.827760760974884, 0.6313930381774903, 0.6156418285369873, 0.6760627133846283, 0.6265219994544983, 0.6336878409385681, 0.6053355136871338, 0.6347386316776276, 0.8619661306381226, 0.6536655746459961, 1.251560542869568, 0.6416383850574493, 0.6453635766029358, 0.6447362316131592, 0.6326591300964356, 0.636736132144928, 0.6358951851844787, 0.6295828579902649, 0.661453910779953, 0.6592242334365844, 0.6294993589401245, 0.6257279141426086, 0.6754526263237, 0.6483714881420135, 0.6290658641815186, 0.653270851135254, 0.6482691975593566, 0.6508430807113648, 0.6768314871788025, 0.6727401689529419, 0.6415127398490906, 0.7186889257431031, 0.6709992038726806, 0.6732393170356751, 0.6652551993370056, 0.6651224879264832, 0.6681415413856506, 0.6805138916969299, 0.9338110450744629, 0.7591458697319031, 0.6412897789955139, 0.6574291703224182, 0.6759279271125793, 0.6710874436378479, 0.6511829515457154, 0.6660413522720336, 0.6827957107543945, 0.678583501625061, 0.6824669910430908, 0.6712647675514222, 0.6463045699119568, 0.6687377643108368, 0.6661419419288636, 0.687343362569809, 0.6763347692489624, 0.6882446898460388, 0.7513295945167542, 0.7216995268821716, 0.6749070344924927, 0.6862597596645356, 0.6898634659767151, 0.6920668393135071], "val_acc": [0.4721, 0.6689, 0.7031, 0.7264, 0.7054, 0.7366, 0.772, 0.7813, 0.7788, 0.7898, 0.7965, 0.7966, 0.8065, 0.8075, 0.8098, 0.8124, 0.801, 0.8134, 0.8091, 0.8024, 0.8179, 0.8203, 0.8166, 0.8247, 0.815, 0.8194, 0.824, 0.8195, 0.8194, 0.8189, 0.8274, 0.8197, 0.8246, 0.8268, 0.8264, 0.8216, 0.8307, 0.8255, 0.7849, 0.8266, 0.828, 0.8241, 0.8277, 0.8257, 0.8318, 0.822, 0.7821, 0.8316, 0.7298, 0.8317, 0.8296, 0.8276, 0.8292, 0.8296, 0.8305, 0.8327, 0.8284, 0.832, 0.8341, 0.8314, 0.8285, 0.8365, 0.8333, 0.8282, 0.8357, 0.8313, 0.8242, 0.8316, 0.8306, 0.8271, 0.8274, 0.8324, 0.8366, 0.8353, 0.8341, 0.8329, 0.8017, 0.8266, 0.8349, 0.8375, 0.8364, 0.8371, 0.8351, 0.834, 0.8342, 0.8357, 0.8351, 0.8333, 0.8362, 0.8362, 0.8369, 0.8377, 0.8417, 0.8405, 0.8307, 0.8304, 0.8376, 0.8388, 0.8355, 0.8336], "loss": [1.7088138284301757, 1.2091903604125978, 1.007524956626892, 0.8836384683513642, 0.8097675458908081, 0.7485030339622497, 0.692636812210083, 0.6442412553596497, 0.6011465186309815, 0.5656818341445923, 0.5371187421226501, 0.5032866578292847, 0.4774197707557678, 0.4524872292423248, 0.4194947080039978, 0.4060523286437988, 0.3823544626235962, 0.3673515118980408, 0.34913721933364866, 0.3321457220840454, 0.32899026242256163, 0.3054343623352051, 0.29702336363315585, 0.2747102888584137, 0.2732447138595581, 0.2629690499544144, 0.25271371980190277, 0.24427168756484985, 0.22738216750621795, 0.22655602086544036, 0.2158571046924591, 0.2112119634270668, 0.21064111364841462, 0.2057542641401291, 0.19735967158317566, 0.18855579531669617, 0.18478404202461243, 0.18176092537403107, 0.17697117320775985, 0.19480314304590224, 0.17096339104890823, 0.1614282494211197, 0.16492000162601472, 0.1507514044713974, 0.1532393496656418, 0.14948686370134354, 0.1468835299754143, 0.15497069023370744, 0.14185071008443834, 0.17413749918460847, 0.13764059935688971, 0.13495450972437859, 0.13521988219618797, 0.13450882550239562, 0.12725154836833477, 0.12760727881193162, 0.12231694243609906, 0.12089528928160667, 0.11799061218738556, 0.11976589902877807, 0.11711352439045906, 0.11303345556735993, 0.11324518954992294, 0.10801792640805244, 0.10865578294634819, 0.1065021374155581, 0.10592763104081154, 0.10240175614595413, 0.10178171331226826, 0.10184290662527085, 0.10011490485548973, 0.10344959588527679, 0.10169534234523774, 0.09816339529037475, 0.09863321434736252, 0.09699116671800613, 0.09257929455757141, 0.15980567640304566, 0.10970800731122493, 0.09848321836471557, 0.09691874099493027, 0.09137578836381435, 0.0933687554949522, 0.09160629060566425, 0.09184312857031822, 0.09068307691335678, 0.08929579446077347, 0.08658272016763686, 0.0853255139040947, 0.0857464770656824, 0.08514539864003658, 0.08304181354224682, 0.0800650461769104, 0.0782370103597641, 0.08050657118201256, 0.08098366059839726, 0.07587507993102073, 0.07642951259315015, 0.07813320932984352, 0.0762556944745779], "acc": [0.43214, 0.58354, 0.6514, 0.69312, 0.71668, 0.73958, 0.75844, 0.77514, 0.78604, 0.80004, 0.80928, 0.82186, 0.83076, 0.8392, 0.85026, 0.85564, 0.86284, 0.87, 0.87562, 0.88122, 0.88208, 0.88976, 0.89362, 0.90152, 0.9022, 0.90568, 0.91022, 0.91272, 0.92006, 0.91906, 0.92164, 0.924, 0.92502, 0.92526, 0.9302, 0.93292, 0.93296, 0.9348, 0.93742, 0.93104, 0.93918, 0.9413, 0.94298, 0.94684, 0.94556, 0.94652, 0.94778, 0.94552, 0.95032, 0.93854, 0.9513, 0.95238, 0.95212, 0.95274, 0.95434, 0.95484, 0.95668, 0.95778, 0.959, 0.95812, 0.95804, 0.96004, 0.95958, 0.96246, 0.96214, 0.96306, 0.96288, 0.96412, 0.96466, 0.96376, 0.96486, 0.9635, 0.96418, 0.96466, 0.96506, 0.96502, 0.96702, 0.94518, 0.96054, 0.96548, 0.9655, 0.96838, 0.9675, 0.96778, 0.9671, 0.96844, 0.96818, 0.97028, 0.9702, 0.97022, 0.9705, 0.9713, 0.97208, 0.9723, 0.97154, 0.971, 0.97338, 0.97378, 0.97234, 0.97394]}